{
  "resourceType": "Bundle",
  "id": "ANC-1-report-personName",
  "meta": {
    "versionId": "1",
    "lastUpdated": "2020-07-09T15:32:26.605+05:30",
    "profile": [
      "https://nrces.in/ndhm/fhir/r4/StructureDefinition/DocumentBundle"
    ],
    "security": [
      {
        "system": "http://terminology.hl7.org/CodeSystem/v3-Confidentiality",
        "code": "V",
        "display": "very restricted"
      }
    ]
  },
  "identifier": {
    "system": "http://chip.khushibaby.org",
    "value": "anc-id"
  },
  "type": "document",
  "timestamp": "2023-04-26T11:39:54.121+05:30",
  "entry": [
    {
      "fullUrl": "Composition/1",
      "resource": {
        "resourceType": "Composition",
        "section": [
          {
            "title": "Observations",
            "code": {
              "coding": [
                {
                  "system": "http://snomed.info/sct",
                  "code": "41000179103",
                  "display": "Immunization record"
                }
              ],
              "text": "Immunization record"
            },
            "entry": [
              {
                "reference": "Immunization/1",
                "type": "Immunization"
              },
              {
                "reference": "ImmunizationRecommendation/1",
                "type": "ImmunizationRecommendation"
              }
            ]
          }
        ],
        "status": "final",
        "date": "2023-04-26T18:00:00.123+05:30",
        "author": [
          {
            "reference": "Practitioner/1",
            "display": "dr.mo or anm"
          }
        ],
        "title": "ANC Report",
        "custodian": {
          "reference": "Organization/1",
          "display": "KhushiBaby"
        },
        "type": {
          "coding": [
            {
              "system": "http://snomed.info/sct",
              "code": "371530004",
              "display": "Clinical consultation report"
            }
          ],
          "text": "Clinical Consultation report"
        },
        "subject": {
          "reference": "Patient/1",
          "display": "BP"
        }
      }
    },
    {
      "fullUrl": "Practitioner/1",
      "resource": {
        "resourceType": "Practitioner",
        "id": "1",
        "meta": {
          "versionId": "1",
          "lastUpdated": "2023-04-26T11:39:54.121+05:30",
          "profile": [
            "https://nrces.in/ndhm/fhir/r4/StructureDefinition/Practitioner"
          ]
        },
        "identifier": [
          {
            "type": {
              "coding": [
                {
                  "system": "https://terminology.hl7.org/5.1.0/CodeSystem-v2-0203.html",
                  "code": "MD",
                  "display": "Medical License number"
                }
              ]
            },
            "system": "https://doctor.ndhm.gov.in",
            "value": "21-1521-3828-3227"
          }
        ],
        "name": [
          {
            "text": "Leela Kunwar",
            "use": "official",
            "prefix": [
              "Dr."
            ]
          }
        ]
      }
    },
    {
      "fullUrl": "Patient/1",
      "resource": {
        "resourceType": "Patient",
        "id": "1",
        "meta": {
          "versionId": "1",
          "lastUpdated": "2023-04-26T11:39:54.121+05:30",
          "profile": [
            "https://nrces.in/ndhm/fhir/r4/StructureDefinition/Patient"
          ]
        },
        "identifier": [
          {
            "type": {
              "coding": [
                {
                  "system": "http://terminology.hl7.org/CodeSystem/v2-0203",
                  "code": "MR",
                  "display": "Medical record number"
                }
              ]
            },
            "system": "https://healthid.ndhm.gov.in",
            "value": "22-7225-4829-5255"
          }
        ],
        "text": {
          "status": "generated",
          "div": "<div xmlns=\"http://www.w3.org/1999/xhtml\" xml:lang=\"en-IN\" lang=\"en-IN\">ABC, 41 year, Male</div>"
        },
        "gender": "male",
        "birthDate": "2000-03-29",
        "deceasedBoolean": false,
        "telecom": [
          {
            "use": "mobile",
            "system": "phone",
            "value": "9876543210"
          },
          {
            "use": "mobile",
            "system": "email",
            "value": "jagad@khushibaby.org"
          }
        ]
      }
    },
    {
      "fullUrl": "Organization/1",
      "resource": {
        "resourceType": "Organization",
        "id": "1",
        "identifier": [
          {
            "type": {
              "coding": [
                {
                  "system": "http://terminology.hl7.org/CodeSystem/v2-0203",
                  "code": "PRN",
                  "display": "Provider number"
                }
              ]
            }
          }
        ],
        "name": "KhushiBaby",
        "telecom": [
          {
            "system": "phone",
            "value": "+91 243 2634 1234",
            "use": "work"
          },
          {
            "system": "email",
            "value": "contact@labs.xyz.org",
            "use": "work"
          }
        ]
      }
    },
    {
      "fullUrl": "Immunization/1",
      "resource": {
        "resourceType": "Immunization",
        "id": "1",
        "meta": {
          "versionId": "1",
          "lastUpdated": "2023-05-05T14:58:58.181+05:30",
          "profile": [
            "https://nrces.in/ndhm/fhir/r4/StructureDefinition/Immunization"
          ]
        },
        "text": {
          "status": "generated",
          "div": "<div xmlns=\"http://www.w3.org/1999/xhtml\" xml:lang=\"en-IN\" lang=\"en-IN\"><p><b>Narrative with Details</b></p><p><b>id</b>: 1</p><p><b>status</b>: completed</p><p><b>vaccineCode</b>: COVID-19 antigen vaccine <span>(Details : {http://snomed.info/sct code '1119305005' = 'COVID-19 antigen vaccine'})</span></p><p><b>patient</b>: <a>Patient/1</a></p><p><b>occurrence</b>: 21/02/2021</p><p><b>primarySource</b>: true</p></div>"
        },
        "status": "completed",
        "vaccineCode": {
          "coding": [
            {
              "system": "http://snomed.info/sct",
              "code": "350327004",
              "display": "Diphtheria + Tetanus vaccine"
            }
          ]
        },
        "patient": {
          "reference": "Patient/1"
        },
        "occurrenceDateTime": "2023-05-05",
        "primarySource": true
      }
    },
    {
      "fullUrl": "ImmunizationRecommendation/1",
      "resource": {
        "resourceType": "ImmunizationRecommendation",
        "id": "1",
        "text": {
          "status": "generated",
          "div": "<div xmlns=\"http://www.w3.org/1999/xhtml\" xml:lang=\"en-IN\" lang=\"en-IN\">This is Immunization Recommendation for COVID-19 mRNA vaccine to be taken on 2021-05-10.</div>"
        },
        "patient": {
          "reference": "Patient/1"
        },
        "date": "2021-02-21T11:04:15.817-05:00",
        "authority": {
          "reference": "Organization/1"
        },
        "recommendation": [
          {
            "vaccineCode": [
              {
                "coding": [
                  {
                    "system": "http://snomed.info/sct",
                    "code": "350327004",
                    "display": "Diphtheria + Tetanus vaccine"
                  }
                ]
              }
            ],
            "forecastStatus": {
              "coding": [
                {
                  "system": "http://terminology.hl7.org/CodeSystem/immunization-recommendation-status",
                  "code": "due",
                  "display": "Due"
                }
              ]
            },
            "dateCriterion": [
              {
                "code": {
                  "coding": [
                    {
                      "system": "http://loinc.org",
                      "code": "30980-7",
                      "display": "Date vaccine due"
                    }
                  ]
                },
                "value": "2021-03-22T00:00:00-05:00"
              }
            ],
            "description": "Second sequence in protocol",
            "series": "Vaccination Series 2",
            "doseNumberPositiveInt": 1,
            "seriesDosesPositiveInt": 2,
            "supportingImmunization": [
              {
                "reference": "Immunization/1"
              }
            ]
          }
        ]
      }
    }
  ]
}